location,user,account
Table 16,1942,MW_piryasX_LYBlKQxc
Table 14,1551,MWiyHCWPjWjfTC5qaJf
Table 14,1942,MWzBAz8ef0GyMJeSoAu
Table 14,1308,MW_piryasX_LYBlKQxc
Table 15,1684,MWofUdAymLNM9GWYnxs
Table 15,1053,MW_pwnGjqdpuFFXIbsG
Table 1,1684,MWoK89jgCYRUoJ_k28S
Table 1,1190,MWofZqN_3o7DiEYbwuH
Table 1,2104,MWocUx80Yzg0Ozz4OjS
Table 10,2052,MWoieze0TasuNlNA5zt
Table 10,2104,MWofQWj7ev9tOLwrpfw
Table 11,1190,MWoc09CDGdDioN-bIod
Table 11,1684,MWofufpxQM2bF2CADmv
Table 11,2052,MWofUdAymLNM9GWYnxs
Table 11,1308,MWofQWj7ev9tOLwrpfw
Table 11,1654,MWoK89jgCYRUoJ_k28S
Table 11,1551,MWoieze0TasuNlNA5zt
Table 11,1654,MWocUx80Yzg0Ozz4OjS
Table 11,2104,MWocUx80Yzg0Ozz4OjS
Table 11,1053,MWoNiIPC683XbKhtIPJ
Table 11,2052,MWqqaMfIzQfb4JdE0pi
Table 11,1053,MWoc09CDGdDioN-bIod
Table 11,1654,MWqrsE8ukQBoD_DpF3m
Table 11,1190,MWoK89jgCYRUoJ_k28S
Table 11,1308,MWoieze0TasuNlNA5zt
Table 11,1684,MWoNiIPC683XbKhtIPJ
Table 11,2052,MWqqaMfIzQfb4JdE0pi
Table 11,1654,MWofZqN_3o7DiEYbwuH
Table 12,1654,MWiyHCWPjWjfTC5qaJf
Table 12,2104,MWofufpxQM2bF2CADmv
Table 12,1053,MW_piryasX_LYBlKQxc
Table 12,1308,MWofQWj7ev9tOLwrpfw
Table 12,1190,MWofufpxQM2bF2CADmv
Table 12,1308,MWiyHCWPjWjfTC5qaJf
Table 13,2104,MWoc09CDGdDioN-bIod
Table 13,1942,MWqrsE8ukQBoD_DpF3m
Table 13,1551,MWoc09CDGdDioN-bIod
Table 2,2104,MW_q-FFIbKtGLCtGBEd
Table 2,1551,MWzBAz8ef0GyMJeSoAu
Table 3,1551,MWqqaMfIzQfb4JdE0pi
Table 3,1684,MW_pwnGjqdpuFFXIbsG
Table 3,1654,MWofUdAymLNM9GWYnxs
Table 3,1053,MW_pwnGjqdpuFFXIbsG
Table 4,1308,MWoNiIPC683XbKhtIPJ
Table 4,1942,MWofZqN_3o7DiEYbwuH
Table 4,1190,MWzBAz8ef0GyMJeSoAu
Table 5,1053,MWofufpxQM2bF2CADmv
Table 5,2052,MW_piryasX_LYBlKQxc
Table 5,1654,MWocUx80Yzg0Ozz4OjS
Table 6,1308,MWofQWj7ev9tOLwrpfw
Table 6,1684,MW_q-FFIbKtGLCtGBEd
Table 7,2052,MWqrsE8ukQBoD_DpF3m
Table 7,1190,MW_pwnGjqdpuFFXIbsG
Table 7,1551,MWiyHCWPjWjfTC5qaJf
Table 8,1942,MWofZqN_3o7DiEYbwuH
Table 8,1053,MW_q-FFIbKtGLCtGBEd
Table 8,1942,MW_q-FFIbKtGLCtGBEd
Table 8,1684,MWoK89jgCYRUoJ_k28S
Table 9,1190,MWofUdAymLNM9GWYnxs
Table 9,1551,MWoNiIPC683XbKhtIPJ
